Crew_ID,Role,Base,Aircraft_Type,Join_Date,Status
C0001,Cabin Crew,MAA,A321,2017-12-08,Active
C0002,Cabin Crew,HYD,A321,2022-02-24,Active
C0003,Cabin Crew,MAA,A321,2015-08-04,Active
C0004,Cabin Crew,BLR,A321,2019-09-20,Active
C0005,Pilot,DEL,A320,2019-05-12,Active
C0006,Pilot,BLR,A320,2022-02-19,Active
C0007,Pilot,BLR,A320,2015-06-08,Active
C0008,Cabin Crew,BOM,A321,2021-12-11,Active
C0009,Cabin Crew,BOM,A321,2016-11-16,Active
C0010,Cabin Crew,BOM,A320,2022-10-12,Active
C0011,Pilot,BOM,A320,2019-11-12,Active
C0012,Cabin Crew,MAA,A320,2020-08-14,Active
C0013,Cabin Crew,HYD,A321,2020-01-18,Active
C0014,Pilot,DEL,A321,2021-08-05,Active
C0015,Pilot,BLR,A320,2021-11-11,Active
C0016,Pilot,MAA,A320,2021-04-14,Active
C0017,Pilot,DEL,A320,2019-05-09,Active
C0018,Cabin Crew,MAA,A321,2019-08-24,Inactive
C0019,Cabin Crew,MAA,A321,2023-03-13,Active
C0020,Pilot,BLR,A321,2021-10-05,Active
C0021,Cabin Crew,HYD,A320,2020-04-30,Active
C0022,Pilot,BOM,A320,2020-08-24,Active
C0023,Pilot,HYD,A321,2022-08-15,Active
C0024,Cabin Crew,BLR,A320,2018-02-19,Active
C0025,Cabin Crew,BLR,A321,2021-05-13,Active
C0026,Cabin Crew,BLR,A320,2019-05-01,Active
C0027,Pilot,DEL,A320,2021-11-05,Active
C0028,Cabin Crew,HYD,A320,2022-03-30,Active
C0029,Cabin Crew,HYD,A320,2021-10-29,Active
C0030,Pilot,MAA,A321,2021-03-07,Active
C0031,Cabin Crew,MAA,A320,2022-07-24,Active
C0032,Pilot,MAA,A321,2021-06-07,Active
C0033,Pilot,BLR,A321,2020-04-16,Active
C0034,Cabin Crew,HYD,A321,2019-10-24,Active
C0035,Cabin Crew,BLR,A320,2020-08-12,Active
C0036,Cabin Crew,DEL,A321,2017-09-16,Active
C0037,Pilot,MAA,A321,2019-03-22,Active
C0038,Pilot,BLR,A321,2018-01-21,Active
C0039,Cabin Crew,BLR,A320,2022-01-11,Active
C0040,Cabin Crew,DEL,A320,2016-05-07,Active
C0041,Pilot,BOM,A321,2016-09-11,Inactive
C0042,Cabin Crew,HYD,A320,2021-07-06,Active
C0043,Pilot,BOM,A321,2021-07-08,Active
C0044,Cabin Crew,MAA,A321,2020-09-28,Active
C0045,Pilot,BLR,A320,2019-03-27,Active
C0046,Cabin Crew,DEL,A321,2017-05-12,Active
C0047,Pilot,DEL,A320,2019-08-19,Active
C0048,Cabin Crew,HYD,A320,2019-05-25,Active
C0049,Cabin Crew,BOM,A321,2021-05-08,Active
C0050,Pilot,HYD,A320,2016-08-02,Active
C0051,Cabin Crew,BLR,A320,2020-03-05,Active
C0052,Cabin Crew,HYD,A321,2018-06-29,Active
C0053,Cabin Crew,DEL,A321,2022-02-20,Active
C0054,Cabin Crew,DEL,A320,2022-07-06,Active
C0055,Cabin Crew,MAA,A320,2020-01-30,Active
C0056,Cabin Crew,MAA,A321,2021-10-29,Active
C0057,Pilot,BLR,A320,2018-09-17,Active
C0058,Pilot,BOM,A320,2018-03-08,Active
C0059,Pilot,HYD,A320,2015-12-23,Active
C0060,Pilot,BLR,A320,2019-06-13,Active
C0061,Cabin Crew,MAA,A320,2021-05-10,Active
C0062,Pilot,HYD,A320,2020-06-29,Active
C0063,Cabin Crew,MAA,A320,2021-06-16,Active
C0064,Cabin Crew,HYD,A321,2017-05-19,Active
C0065,Pilot,BOM,A321,2017-06-04,Active
C0066,Cabin Crew,BLR,A321,2020-06-24,Active
C0067,Pilot,HYD,A321,2021-01-10,Active
C0068,Cabin Crew,DEL,A321,2018-11-14,Active
C0069,Pilot,DEL,A320,2018-07-07,Active
C0070,Cabin Crew,HYD,A320,2016-09-11,Active
C0071,Cabin Crew,HYD,A320,2017-06-01,Active
C0072,Pilot,HYD,A320,2017-03-07,Active
C0073,Pilot,DEL,A321,2020-12-12,Active
C0074,Cabin Crew,DEL,A320,2018-07-20,Active
C0075,Cabin Crew,HYD,A320,2016-09-10,Active
C0076,Cabin Crew,MAA,A321,2020-01-09,Active
C0077,Cabin Crew,MAA,A320,2015-09-02,Active
C0078,Pilot,BOM,A320,2022-12-05,Active
C0079,Cabin Crew,BLR,A321,2021-11-02,Active
C0080,Pilot,MAA,A320,2017-07-18,Active
C0081,Cabin Crew,DEL,A320,2018-06-24,Active
C0082,Cabin Crew,MAA,A320,2016-06-03,Active
C0083,Pilot,BOM,A320,2021-08-06,Active
C0084,Pilot,BOM,A320,2015-01-08,Active
C0085,Pilot,BLR,A321,2021-11-30,Active
C0086,Pilot,MAA,A321,2020-07-12,Active
C0087,Cabin Crew,DEL,A321,2016-05-09,Active
C0088,Cabin Crew,DEL,A321,2019-06-18,Inactive
C0089,Cabin Crew,HYD,A321,2022-11-20,Active
C0090,Cabin Crew,DEL,A321,2017-11-28,Active
C0091,Pilot,BLR,A320,2022-03-25,Active
C0092,Cabin Crew,BLR,A321,2015-07-06,Active
C0093,Cabin Crew,DEL,A321,2022-09-02,Active
C0094,Cabin Crew,DEL,A320,2020-02-21,Active
C0095,Cabin Crew,HYD,A320,2020-11-10,Active
C0096,Cabin Crew,DEL,A321,2015-03-27,Active
C0097,Cabin Crew,HYD,A320,2015-05-17,Active
C0098,Cabin Crew,HYD,A321,2021-10-04,Active
C0099,Pilot,DEL,A320,2020-10-22,Active
C0100,Pilot,BOM,A321,2019-06-25,Active
C0101,Pilot,BOM,A320,2021-01-27,Active
C0102,Cabin Crew,HYD,A320,2019-10-18,Active
C0103,Pilot,DEL,A321,2021-01-26,Active
C0104,Cabin Crew,BOM,A321,2019-11-23,Active
C0105,Cabin Crew,DEL,A321,2017-05-21,Active
C0106,Pilot,DEL,A321,2021-06-27,Active
C0107,Cabin Crew,DEL,A321,2021-11-08,Active
C0108,Cabin Crew,MAA,A320,2017-08-01,Active
C0109,Pilot,DEL,A321,2019-06-15,Active
C0110,Pilot,MAA,A321,2022-10-08,Active
C0111,Pilot,HYD,A320,2022-04-14,Active
C0112,Pilot,BOM,A320,2023-01-15,Active
C0113,Cabin Crew,BOM,A321,2015-12-15,Active
C0114,Cabin Crew,BOM,A320,2019-08-04,Active
C0115,Cabin Crew,BOM,A320,2018-04-11,Active
C0116,Cabin Crew,BOM,A321,2015-01-10,Active
C0117,Cabin Crew,BOM,A320,2022-08-19,Active
C0118,Pilot,BOM,A320,2019-01-01,Active
C0119,Cabin Crew,HYD,A321,2016-10-28,Active
C0120,Cabin Crew,DEL,A321,2022-02-06,Active
C0121,Cabin Crew,BLR,A320,2019-03-03,Active
C0122,Cabin Crew,MAA,A320,2020-12-16,Active
C0123,Pilot,BLR,A321,2016-08-23,Active
C0124,Pilot,BLR,A320,2022-04-06,Active
C0125,Pilot,DEL,A320,2015-11-23,Active
C0126,Cabin Crew,DEL,A320,2017-09-06,Active
C0127,Cabin Crew,DEL,A321,2021-09-17,Active
C0128,Cabin Crew,BOM,A320,2016-09-20,Active
C0129,Pilot,HYD,A320,2019-06-18,Active
C0130,Cabin Crew,BOM,A321,2022-07-28,Active
C0131,Cabin Crew,HYD,A320,2015-10-01,Active
C0132,Pilot,HYD,A320,2016-11-15,Active
C0133,Pilot,BLR,A321,2015-04-26,Active
C0134,Pilot,BLR,A321,2017-05-10,Active
C0135,Cabin Crew,HYD,A321,2020-06-26,Active
C0136,Pilot,HYD,A321,2016-11-23,Active
C0137,Cabin Crew,BOM,A320,2018-01-10,Active
C0138,Cabin Crew,BOM,A320,2021-06-29,Active
C0139,Cabin Crew,BLR,A321,2020-12-01,Active
C0140,Cabin Crew,DEL,A321,2019-11-28,Active
C0141,Cabin Crew,HYD,A320,2015-06-03,Active
C0142,Pilot,BOM,A321,2020-03-15,Inactive
C0143,Cabin Crew,BLR,A320,2018-11-28,Active
C0144,Pilot,BOM,A321,2018-07-13,Inactive
C0145,Pilot,HYD,A320,2015-11-11,Active
C0146,Pilot,HYD,A321,2017-11-30,Active
C0147,Cabin Crew,MAA,A321,2015-04-15,Active
C0148,Cabin Crew,DEL,A320,2020-04-08,Active
C0149,Pilot,MAA,A321,2020-03-28,Active
C0150,Pilot,BLR,A320,2018-05-01,Active
C0151,Cabin Crew,BOM,A320,2018-11-25,Active
C0152,Pilot,BLR,A320,2021-07-29,Active
C0153,Pilot,HYD,A320,2019-11-08,Active
C0154,Cabin Crew,MAA,A320,2020-05-14,Active
C0155,Cabin Crew,MAA,A321,2022-08-12,Active
C0156,Pilot,MAA,A321,2019-05-23,Active
C0157,Cabin Crew,BLR,A320,2016-12-09,Active
C0158,Cabin Crew,HYD,A321,2016-10-12,Active
C0159,Pilot,BOM,A320,2022-11-11,Active
C0160,Cabin Crew,BOM,A321,2017-08-04,Active
C0161,Cabin Crew,BLR,A321,2016-10-22,Active
C0162,Cabin Crew,MAA,A321,2020-11-16,Active
C0163,Cabin Crew,DEL,A321,2022-03-20,Active
C0164,Cabin Crew,BLR,A320,2021-05-18,Active
C0165,Pilot,BLR,A320,2021-09-16,Active
C0166,Cabin Crew,HYD,A321,2018-02-06,Active
C0167,Pilot,BOM,A321,2016-11-30,Active
C0168,Pilot,BLR,A320,2021-02-24,Active
C0169,Pilot,BLR,A321,2020-07-31,Active
C0170,Cabin Crew,MAA,A320,2021-07-02,Active
C0171,Cabin Crew,MAA,A320,2021-01-10,Active
C0172,Pilot,DEL,A320,2016-07-05,Active
C0173,Cabin Crew,HYD,A321,2016-02-09,Active
C0174,Pilot,DEL,A320,2016-04-06,Active
C0175,Cabin Crew,MAA,A321,2020-12-19,Active
C0176,Pilot,BOM,A320,2022-10-09,Active
C0177,Cabin Crew,MAA,A321,2017-05-23,Active
C0178,Cabin Crew,HYD,A321,2015-03-25,Active
C0179,Cabin Crew,MAA,A321,2018-11-23,Active
C0180,Pilot,HYD,A320,2022-09-02,Active
C0181,Pilot,HYD,A320,2022-04-29,Active
C0182,Pilot,HYD,A321,2015-08-09,Active
C0183,Cabin Crew,HYD,A321,2022-02-13,Active
C0184,Cabin Crew,HYD,A321,2018-10-23,Active
C0185,Pilot,BOM,A320,2015-04-22,Active
C0186,Cabin Crew,DEL,A320,2016-09-06,Active
C0187,Cabin Crew,BLR,A320,2019-05-01,Active
C0188,Cabin Crew,DEL,A320,2023-02-19,Active
C0189,Cabin Crew,HYD,A321,2016-04-19,Active
C0190,Pilot,BOM,A321,2022-11-23,Active
C0191,Pilot,MAA,A320,2020-03-28,Active
C0192,Cabin Crew,BOM,A320,2015-09-28,Active
C0193,Cabin Crew,HYD,A321,2021-10-04,Active
C0194,Cabin Crew,BOM,A320,2020-04-04,Active
C0195,Pilot,BOM,A320,2022-07-17,Active
C0196,Pilot,HYD,A320,2018-10-22,Active
C0197,Cabin Crew,BOM,A320,2015-02-09,Active
C0198,Cabin Crew,BLR,A320,2020-06-05,Active
C0199,Cabin Crew,BLR,A320,2021-02-14,Active
C0200,Cabin Crew,BOM,A321,2017-09-20,Active
C0201,Cabin Crew,MAA,A320,2020-07-05,Active
C0202,Pilot,HYD,A320,2022-01-27,Active
C0203,Pilot,BLR,A321,2015-10-17,Active
C0204,Cabin Crew,MAA,A321,2021-10-16,Active
C0205,Cabin Crew,BOM,A321,2021-11-23,Active
C0206,Pilot,MAA,A320,2022-04-29,Active
C0207,Pilot,DEL,A321,2015-10-06,Active
C0208,Cabin Crew,BLR,A320,2023-01-03,Active
C0209,Pilot,BOM,A320,2016-08-03,Active
C0210,Pilot,HYD,A320,2017-05-12,Active
C0211,Cabin Crew,BOM,A321,2015-09-11,Active
C0212,Cabin Crew,HYD,A321,2015-06-30,Active
C0213,Cabin Crew,BOM,A321,2016-11-11,Active
C0214,Pilot,MAA,A321,2017-04-04,Active
C0215,Cabin Crew,MAA,A321,2016-11-30,Active
C0216,Pilot,MAA,A320,2022-02-26,Active
C0217,Pilot,DEL,A320,2018-09-11,Active
C0218,Cabin Crew,HYD,A320,2018-10-12,Active
C0219,Cabin Crew,MAA,A320,2019-08-01,Active
C0220,Cabin Crew,DEL,A321,2022-06-20,Active
C0221,Cabin Crew,HYD,A321,2021-09-04,Active
C0222,Cabin Crew,BOM,A320,2019-06-27,Active
C0223,Pilot,DEL,A321,2020-05-11,Active
C0224,Cabin Crew,BLR,A321,2015-07-31,Active
C0225,Pilot,DEL,A320,2019-03-19,Active
C0226,Pilot,DEL,A320,2016-01-19,Active
C0227,Cabin Crew,HYD,A321,2019-09-11,Active
C0228,Cabin Crew,BOM,A321,2015-12-08,Active
C0229,Cabin Crew,BLR,A320,2020-01-13,Active
C0230,Cabin Crew,MAA,A320,2020-06-10,Active
C0231,Cabin Crew,MAA,A320,2017-04-23,Active
C0232,Cabin Crew,DEL,A321,2019-03-15,Active
C0233,Cabin Crew,HYD,A320,2016-02-24,Active
C0234,Cabin Crew,HYD,A320,2022-08-30,Inactive
C0235,Pilot,MAA,A321,2020-06-11,Active
C0236,Cabin Crew,BLR,A321,2020-04-16,Active
C0237,Pilot,BOM,A321,2020-01-24,Active
C0238,Pilot,BLR,A321,2015-11-02,Active
C0239,Cabin Crew,BOM,A321,2022-07-12,Active
C0240,Pilot,MAA,A320,2017-05-18,Active
C0241,Cabin Crew,BOM,A320,2022-01-28,Active
C0242,Cabin Crew,HYD,A321,2018-02-09,Active
C0243,Cabin Crew,DEL,A321,2018-12-05,Active
C0244,Cabin Crew,DEL,A321,2015-07-25,Active
C0245,Pilot,MAA,A321,2016-05-10,Active
C0246,Cabin Crew,HYD,A321,2020-03-24,Active
C0247,Cabin Crew,BLR,A320,2021-12-26,Active
C0248,Cabin Crew,HYD,A320,2017-11-11,Active
C0249,Cabin Crew,DEL,A320,2015-08-01,Active
C0250,Cabin Crew,DEL,A320,2015-11-06,Active
C0251,Pilot,HYD,A321,2022-06-01,Active
C0252,Cabin Crew,HYD,A320,2020-06-14,Active
C0253,Cabin Crew,DEL,A321,2022-09-01,Active
C0254,Pilot,BLR,A321,2015-09-29,Active
C0255,Pilot,MAA,A321,2019-12-28,Active
C0256,Cabin Crew,MAA,A320,2023-03-05,Active
C0257,Cabin Crew,HYD,A321,2020-09-10,Active
C0258,Cabin Crew,MAA,A320,2016-03-18,Active
C0259,Cabin Crew,DEL,A320,2021-01-18,Active
C0260,Pilot,DEL,A321,2022-09-15,Active
C0261,Cabin Crew,HYD,A321,2015-09-11,Active
C0262,Cabin Crew,HYD,A321,2016-06-04,Active
C0263,Pilot,HYD,A320,2017-09-03,Active
C0264,Cabin Crew,BLR,A321,2015-01-10,Active
C0265,Cabin Crew,MAA,A320,2022-08-05,Active
C0266,Cabin Crew,HYD,A321,2021-12-27,Active
C0267,Cabin Crew,BOM,A321,2022-10-03,Active
C0268,Cabin Crew,BOM,A320,2019-05-03,Active
C0269,Cabin Crew,DEL,A320,2021-10-19,Active
C0270,Pilot,MAA,A320,2018-02-08,Active
C0271,Cabin Crew,HYD,A320,2015-06-02,Active
C0272,Cabin Crew,BOM,A320,2019-07-17,Active
C0273,Cabin Crew,MAA,A320,2023-02-12,Active
C0274,Cabin Crew,DEL,A321,2022-12-26,Active
C0275,Cabin Crew,BLR,A321,2022-09-01,Active
C0276,Cabin Crew,MAA,A320,2020-01-31,Active
C0277,Cabin Crew,MAA,A321,2018-04-29,Active
C0278,Cabin Crew,BLR,A320,2019-10-19,Active
C0279,Cabin Crew,MAA,A321,2022-02-23,Active
C0280,Cabin Crew,DEL,A321,2018-01-09,Active
C0281,Cabin Crew,DEL,A320,2021-12-11,Active
C0282,Pilot,BLR,A320,2017-06-13,Active
C0283,Cabin Crew,HYD,A320,2018-01-16,Active
C0284,Pilot,BOM,A321,2015-04-14,Active
C0285,Cabin Crew,HYD,A320,2020-03-29,Inactive
C0286,Pilot,MAA,A321,2017-10-03,Active
C0287,Cabin Crew,BOM,A320,2016-02-11,Active
C0288,Cabin Crew,BLR,A321,2018-11-02,Active
C0289,Pilot,BLR,A321,2015-06-16,Active
C0290,Cabin Crew,BOM,A320,2016-05-23,Active
C0291,Pilot,DEL,A321,2019-07-20,Active
C0292,Pilot,BOM,A321,2021-06-18,Active
C0293,Cabin Crew,MAA,A320,2017-02-01,Active
C0294,Cabin Crew,DEL,A321,2016-11-11,Active
C0295,Pilot,BLR,A320,2021-11-29,Active
C0296,Cabin Crew,BOM,A320,2020-10-21,Active
C0297,Cabin Crew,HYD,A320,2018-03-10,Active
C0298,Pilot,HYD,A320,2016-08-04,Active
C0299,Cabin Crew,MAA,A321,2015-09-19,Active
C0300,Pilot,HYD,A321,2018-09-25,Active
C0301,Pilot,BOM,A321,2018-08-24,Active
C0302,Cabin Crew,BOM,A320,2021-04-11,Inactive
C0303,Cabin Crew,HYD,A321,2019-03-19,Active
C0304,Cabin Crew,BOM,A321,2016-07-14,Active
C0305,Cabin Crew,MAA,A320,2018-01-04,Active
C0306,Cabin Crew,DEL,A320,2020-03-18,Active
C0307,Cabin Crew,MAA,A321,2015-06-24,Active
C0308,Pilot,MAA,A320,2020-11-26,Active
C0309,Cabin Crew,BOM,A320,2021-02-08,Active
C0310,Pilot,DEL,A320,2015-07-11,Active
C0311,Cabin Crew,BOM,A320,2015-03-06,Active
C0312,Pilot,BLR,A321,2019-02-06,Active
C0313,Pilot,BOM,A320,2019-04-17,Active
C0314,Cabin Crew,BOM,A320,2022-12-21,Active
C0315,Cabin Crew,BOM,A320,2018-02-25,Active
C0316,Cabin Crew,DEL,A320,2020-04-21,Active
C0317,Cabin Crew,BOM,A320,2016-01-04,Active
C0318,Pilot,DEL,A320,2017-04-30,Active
C0319,Pilot,HYD,A320,2015-02-12,Active
C0320,Pilot,BLR,A320,2020-03-22,Active
C0321,Cabin Crew,DEL,A321,2021-12-10,Active
C0322,Cabin Crew,HYD,A320,2015-03-19,Active
C0323,Cabin Crew,DEL,A321,2022-11-13,Active
C0324,Pilot,DEL,A320,2019-12-30,Active
C0325,Cabin Crew,BLR,A320,2018-07-17,Active
C0326,Cabin Crew,MAA,A320,2016-11-04,Active
C0327,Cabin Crew,MAA,A320,2016-12-01,Active
C0328,Cabin Crew,DEL,A321,2017-01-28,Active
C0329,Cabin Crew,BOM,A320,2020-04-07,Active
C0330,Pilot,HYD,A320,2022-08-07,Active
C0331,Cabin Crew,BOM,A321,2023-02-20,Active
C0332,Cabin Crew,BOM,A321,2017-06-20,Active
C0333,Pilot,DEL,A320,2023-01-15,Active
C0334,Pilot,DEL,A321,2017-09-19,Active
C0335,Pilot,DEL,A321,2018-04-06,Active
C0336,Pilot,DEL,A321,2021-07-14,Active
C0337,Cabin Crew,MAA,A320,2021-02-18,Active
C0338,Cabin Crew,DEL,A320,2019-01-16,Active
C0339,Cabin Crew,MAA,A320,2021-05-19,Active
C0340,Pilot,MAA,A321,2016-01-25,Active
C0341,Cabin Crew,DEL,A320,2017-09-26,Active
C0342,Cabin Crew,BLR,A321,2016-06-08,Active
C0343,Pilot,HYD,A320,2020-01-30,Active
C0344,Cabin Crew,BOM,A320,2019-02-15,Active
C0345,Cabin Crew,MAA,A321,2016-10-20,Active
C0346,Cabin Crew,HYD,A320,2022-07-26,Active
C0347,Cabin Crew,BLR,A321,2017-06-09,Inactive
C0348,Pilot,BOM,A321,2019-01-21,Active
C0349,Cabin Crew,BOM,A320,2016-03-27,Active
C0350,Cabin Crew,MAA,A321,2021-10-11,Active
C0351,Cabin Crew,DEL,A320,2019-03-18,Active
C0352,Cabin Crew,BLR,A320,2017-06-01,Active
C0353,Cabin Crew,MAA,A321,2015-11-09,Active
C0354,Pilot,BLR,A320,2017-04-19,Active
C0355,Pilot,DEL,A321,2022-01-10,Active
C0356,Cabin Crew,DEL,A320,2016-01-10,Active
C0357,Pilot,MAA,A320,2016-03-26,Active
C0358,Cabin Crew,DEL,A320,2016-08-17,Active
C0359,Cabin Crew,HYD,A320,2018-05-18,Active
C0360,Cabin Crew,BOM,A320,2016-05-14,Active
C0361,Cabin Crew,MAA,A321,2016-04-08,Active
C0362,Cabin Crew,BLR,A321,2015-04-23,Active
C0363,Cabin Crew,HYD,A321,2017-11-01,Active
C0364,Cabin Crew,MAA,A321,2021-07-06,Active
C0365,Cabin Crew,DEL,A321,2020-04-08,Active
C0366,Cabin Crew,DEL,A321,2015-05-20,Active
C0367,Cabin Crew,DEL,A320,2018-11-25,Active
C0368,Cabin Crew,DEL,A320,2023-01-28,Active
C0369,Pilot,BLR,A321,2016-05-31,Active
C0370,Pilot,HYD,A321,2022-03-01,Active
C0371,Pilot,BOM,A320,2020-05-01,Active
C0372,Pilot,BLR,A320,2022-12-03,Active
C0373,Pilot,BLR,A320,2020-12-05,Active
C0374,Cabin Crew,BOM,A321,2017-06-06,Active
C0375,Pilot,BOM,A321,2018-09-03,Active
C0376,Pilot,DEL,A321,2015-02-19,Active
C0377,Cabin Crew,BLR,A320,2015-01-19,Active
C0378,Pilot,MAA,A320,2016-12-26,Active
C0379,Cabin Crew,BOM,A321,2021-02-22,Active
C0380,Pilot,BOM,A321,2019-01-13,Active
C0381,Pilot,HYD,A320,2022-02-19,Active
C0382,Cabin Crew,MAA,A320,2016-03-27,Active
C0383,Cabin Crew,MAA,A320,2021-05-25,Active
C0384,Cabin Crew,BOM,A320,2018-03-10,Active
C0385,Cabin Crew,DEL,A321,2018-01-12,Active
C0386,Cabin Crew,HYD,A320,2021-09-04,Active
C0387,Pilot,MAA,A320,2015-08-03,Active
C0388,Pilot,BOM,A320,2019-03-30,Active
C0389,Cabin Crew,MAA,A321,2021-03-12,Active
C0390,Cabin Crew,HYD,A321,2015-05-08,Active
C0391,Cabin Crew,HYD,A320,2020-01-20,Active
C0392,Cabin Crew,BLR,A320,2017-01-29,Active
C0393,Cabin Crew,BOM,A320,2021-09-17,Active
C0394,Cabin Crew,HYD,A321,2019-12-21,Active
C0395,Pilot,BLR,A321,2021-07-13,Active
C0396,Cabin Crew,BLR,A321,2022-11-18,Active
C0397,Cabin Crew,MAA,A320,2022-07-24,Active
C0398,Cabin Crew,MAA,A321,2015-12-27,Active
C0399,Cabin Crew,BLR,A320,2016-07-22,Active
C0400,Cabin Crew,MAA,A320,2018-11-16,Active
C0401,Pilot,HYD,A320,2021-03-15,Active
C0402,Cabin Crew,DEL,A321,2019-05-17,Active
C0403,Cabin Crew,HYD,A320,2019-08-20,Active
C0404,Cabin Crew,BLR,A321,2015-07-21,Active
C0405,Pilot,BLR,A321,2020-08-26,Active
C0406,Cabin Crew,HYD,A320,2021-06-27,Active
C0407,Cabin Crew,MAA,A320,2016-06-01,Active
C0408,Pilot,MAA,A321,2018-09-10,Active
C0409,Cabin Crew,BLR,A320,2018-12-06,Active
C0410,Pilot,BOM,A321,2018-09-03,Active
C0411,Pilot,MAA,A320,2016-11-11,Active
C0412,Cabin Crew,HYD,A321,2020-06-11,Active
C0413,Cabin Crew,MAA,A321,2019-01-31,Active
C0414,Cabin Crew,HYD,A321,2016-02-29,Active
C0415,Cabin Crew,BLR,A321,2020-05-22,Active
C0416,Cabin Crew,MAA,A320,2019-09-09,Active
C0417,Pilot,HYD,A320,2021-08-31,Active
C0418,Pilot,BLR,A321,2017-02-16,Active
C0419,Cabin Crew,BOM,A321,2020-11-15,Active
C0420,Cabin Crew,HYD,A320,2020-01-01,Active
C0421,Cabin Crew,BOM,A320,2015-07-27,Active
C0422,Cabin Crew,BOM,A320,2019-03-18,Active
C0423,Pilot,DEL,A320,2019-07-18,Active
C0424,Cabin Crew,MAA,A320,2022-03-18,Active
C0425,Pilot,HYD,A320,2021-01-22,Active
C0426,Cabin Crew,BOM,A321,2015-01-22,Active
C0427,Cabin Crew,DEL,A320,2015-06-03,Active
C0428,Cabin Crew,BLR,A320,2020-05-16,Active
C0429,Cabin Crew,HYD,A321,2015-08-07,Active
C0430,Pilot,BOM,A320,2016-10-30,Active
C0431,Pilot,MAA,A320,2019-02-27,Active
C0432,Cabin Crew,DEL,A320,2021-03-27,Active
C0433,Cabin Crew,BOM,A320,2020-08-29,Active
C0434,Pilot,MAA,A320,2022-02-13,Active
C0435,Pilot,BOM,A321,2017-08-07,Active
C0436,Cabin Crew,HYD,A320,2021-01-04,Inactive
C0437,Pilot,HYD,A321,2016-02-07,Active
C0438,Cabin Crew,HYD,A321,2016-08-18,Active
C0439,Cabin Crew,DEL,A320,2021-08-11,Active
C0440,Pilot,HYD,A321,2018-12-08,Active
C0441,Pilot,MAA,A320,2022-10-20,Active
C0442,Cabin Crew,BOM,A321,2023-02-13,Active
C0443,Cabin Crew,BLR,A321,2018-03-03,Active
C0444,Cabin Crew,MAA,A320,2019-10-09,Active
C0445,Cabin Crew,MAA,A320,2018-07-30,Active
C0446,Cabin Crew,HYD,A320,2015-03-14,Active
C0447,Cabin Crew,DEL,A320,2016-04-25,Active
C0448,Cabin Crew,BOM,A320,2016-07-13,Active
C0449,Cabin Crew,DEL,A321,2017-01-14,Active
C0450,Pilot,BOM,A321,2019-01-06,Active
C0451,Cabin Crew,BOM,A321,2015-04-10,Active
C0452,Cabin Crew,DEL,A321,2017-12-18,Active
C0453,Cabin Crew,MAA,A321,2021-12-30,Inactive
C0454,Cabin Crew,BOM,A321,2021-04-24,Active
C0455,Pilot,DEL,A321,2016-02-17,Active
C0456,Cabin Crew,BOM,A320,2017-12-24,Active
C0457,Pilot,BLR,A320,2022-03-27,Active
C0458,Cabin Crew,MAA,A321,2018-03-23,Active
C0459,Pilot,HYD,A321,2020-07-01,Active
C0460,Pilot,BOM,A320,2021-05-02,Active
C0461,Pilot,BLR,A320,2017-03-31,Active
C0462,Cabin Crew,HYD,A320,2016-10-23,Active
C0463,Cabin Crew,HYD,A320,2023-03-14,Inactive
C0464,Cabin Crew,BOM,A321,2016-07-13,Active
C0465,Cabin Crew,DEL,A320,2023-02-12,Active
C0466,Cabin Crew,BOM,A321,2023-01-17,Active
C0467,Pilot,BLR,A321,2018-06-25,Active
C0468,Cabin Crew,HYD,A321,2019-12-19,Active
C0469,Pilot,BOM,A320,2022-12-25,Active
C0470,Cabin Crew,DEL,A320,2016-09-01,Active
C0471,Pilot,BOM,A321,2021-09-27,Active
C0472,Cabin Crew,MAA,A321,2015-01-25,Active
C0473,Pilot,DEL,A321,2020-07-21,Active
C0474,Cabin Crew,BLR,A320,2015-10-11,Active
C0475,Cabin Crew,HYD,A321,2019-01-12,Active
C0476,Cabin Crew,BOM,A320,2023-01-07,Active
C0477,Pilot,DEL,A321,2015-10-28,Active
C0478,Cabin Crew,MAA,A321,2017-12-27,Active
C0479,Cabin Crew,DEL,A321,2017-10-27,Active
C0480,Cabin Crew,MAA,A320,2017-03-27,Active
C0481,Cabin Crew,BLR,A320,2015-03-24,Active
C0482,Cabin Crew,HYD,A321,2020-04-04,Active
C0483,Cabin Crew,BLR,A320,2020-09-24,Active
C0484,Cabin Crew,BOM,A321,2016-09-09,Active
C0485,Cabin Crew,DEL,A320,2023-02-23,Active
C0486,Cabin Crew,MAA,A320,2021-04-28,Active
C0487,Pilot,MAA,A320,2015-06-25,Active
C0488,Pilot,DEL,A321,2018-04-04,Active
C0489,Cabin Crew,DEL,A320,2022-05-28,Active
C0490,Cabin Crew,BOM,A320,2017-04-21,Inactive
C0491,Cabin Crew,BLR,A321,2016-01-05,Active
C0492,Cabin Crew,MAA,A321,2019-12-24,Active
C0493,Pilot,BOM,A321,2020-10-02,Active
C0494,Pilot,BLR,A321,2016-11-20,Active
C0495,Cabin Crew,BOM,A320,2019-11-15,Active
C0496,Cabin Crew,MAA,A320,2018-09-26,Active
C0497,Cabin Crew,DEL,A320,2018-12-03,Active
C0498,Pilot,DEL,A320,2016-01-02,Active
C0499,Cabin Crew,BLR,A320,2016-10-05,Active
C0500,Cabin Crew,HYD,A321,2021-08-23,Active
C0501,Cabin Crew,BLR,A320,2015-03-14,Active
C0502,Cabin Crew,HYD,A320,2023-02-10,Active
C0503,Pilot,BOM,A320,2018-06-25,Active
C0504,Cabin Crew,BOM,A321,2017-05-09,Active
C0505,Cabin Crew,MAA,A321,2015-02-12,Active
C0506,Pilot,HYD,A320,2021-08-21,Active
C0507,Cabin Crew,MAA,A321,2017-11-30,Active
C0508,Cabin Crew,DEL,A321,2021-01-26,Active
C0509,Cabin Crew,HYD,A321,2021-03-09,Active
C0510,Cabin Crew,BLR,A321,2019-02-25,Active
C0511,Cabin Crew,DEL,A321,2020-09-17,Active
C0512,Cabin Crew,DEL,A321,2016-01-04,Inactive
C0513,Cabin Crew,BLR,A321,2022-09-05,Active
C0514,Cabin Crew,DEL,A320,2015-05-31,Active
C0515,Pilot,HYD,A320,2018-02-08,Active
C0516,Pilot,MAA,A321,2019-02-12,Active
C0517,Cabin Crew,DEL,A320,2018-12-30,Active
C0518,Cabin Crew,HYD,A320,2017-12-06,Active
C0519,Cabin Crew,BOM,A321,2017-10-20,Active
C0520,Pilot,HYD,A320,2019-05-18,Active
C0521,Cabin Crew,MAA,A321,2022-08-16,Active
C0522,Cabin Crew,HYD,A321,2020-08-02,Active
C0523,Cabin Crew,BLR,A321,2018-10-21,Active
C0524,Cabin Crew,MAA,A320,2015-03-10,Active
C0525,Cabin Crew,BOM,A320,2021-06-04,Active
C0526,Cabin Crew,BLR,A320,2017-08-01,Active
C0527,Cabin Crew,HYD,A320,2017-03-12,Active
C0528,Pilot,MAA,A321,2021-06-01,Active
C0529,Pilot,BOM,A321,2021-02-28,Active
C0530,Cabin Crew,BLR,A320,2015-03-02,Active
C0531,Cabin Crew,BOM,A321,2017-08-03,Active
C0532,Cabin Crew,HYD,A321,2018-08-30,Active
C0533,Cabin Crew,BOM,A320,2018-03-30,Active
C0534,Cabin Crew,DEL,A321,2015-11-27,Active
C0535,Cabin Crew,BLR,A320,2019-04-01,Active
C0536,Cabin Crew,BOM,A321,2015-12-04,Active
C0537,Cabin Crew,HYD,A320,2019-06-18,Active
C0538,Pilot,HYD,A321,2018-08-20,Active
C0539,Cabin Crew,BOM,A321,2019-03-07,Active
C0540,Pilot,HYD,A320,2019-08-01,Active
C0541,Cabin Crew,MAA,A320,2018-09-23,Inactive
C0542,Cabin Crew,MAA,A320,2019-04-23,Active
C0543,Pilot,MAA,A320,2022-05-10,Active
C0544,Cabin Crew,DEL,A321,2015-10-02,Inactive
C0545,Cabin Crew,BOM,A321,2018-04-02,Active
C0546,Cabin Crew,DEL,A320,2021-06-24,Active
C0547,Pilot,HYD,A321,2022-03-21,Active
C0548,Cabin Crew,DEL,A320,2021-12-26,Active
C0549,Cabin Crew,HYD,A320,2021-08-31,Active
C0550,Cabin Crew,HYD,A321,2020-06-16,Active
C0551,Cabin Crew,BLR,A321,2017-05-19,Active
C0552,Cabin Crew,MAA,A320,2022-11-20,Active
C0553,Cabin Crew,HYD,A320,2017-10-11,Active
C0554,Cabin Crew,BLR,A320,2020-03-26,Active
C0555,Cabin Crew,MAA,A321,2016-08-25,Active
C0556,Cabin Crew,HYD,A321,2019-12-05,Active
C0557,Pilot,HYD,A321,2016-11-21,Active
C0558,Pilot,DEL,A321,2016-05-08,Active
C0559,Cabin Crew,DEL,A320,2016-05-04,Active
C0560,Cabin Crew,MAA,A320,2022-07-31,Active
C0561,Cabin Crew,HYD,A320,2021-12-31,Active
C0562,Pilot,BOM,A320,2016-01-25,Active
C0563,Pilot,DEL,A320,2015-10-22,Active
C0564,Pilot,MAA,A320,2018-10-24,Active
C0565,Cabin Crew,HYD,A321,2022-10-14,Active
C0566,Cabin Crew,HYD,A321,2022-12-22,Active
C0567,Cabin Crew,BOM,A320,2019-09-14,Active
C0568,Cabin Crew,MAA,A320,2022-02-09,Active
C0569,Cabin Crew,HYD,A321,2016-10-10,Active
C0570,Pilot,DEL,A321,2020-02-17,Active
C0571,Cabin Crew,BOM,A321,2016-07-21,Active
C0572,Cabin Crew,MAA,A321,2022-12-10,Active
C0573,Cabin Crew,BOM,A320,2022-09-18,Active
C0574,Cabin Crew,DEL,A320,2016-03-20,Active
C0575,Cabin Crew,MAA,A320,2015-12-29,Active
C0576,Cabin Crew,BOM,A320,2020-12-10,Active
C0577,Pilot,BLR,A320,2018-04-26,Active
C0578,Cabin Crew,DEL,A321,2017-01-11,Active
C0579,Cabin Crew,DEL,A320,2020-08-03,Active
C0580,Pilot,DEL,A321,2016-11-10,Active
C0581,Cabin Crew,BLR,A320,2021-10-03,Active
C0582,Cabin Crew,BLR,A320,2019-07-01,Active
C0583,Cabin Crew,HYD,A320,2019-04-22,Active
C0584,Pilot,BOM,A320,2018-09-20,Active
C0585,Cabin Crew,HYD,A320,2020-11-09,Active
C0586,Pilot,BOM,A321,2015-03-04,Inactive
C0587,Pilot,BLR,A321,2022-01-03,Active
C0588,Pilot,BLR,A321,2018-03-08,Active
C0589,Pilot,HYD,A320,2018-05-13,Active
C0590,Pilot,MAA,A320,2022-09-20,Active
C0591,Pilot,HYD,A321,2015-09-13,Active
C0592,Cabin Crew,BOM,A320,2015-05-15,Active
C0593,Pilot,HYD,A320,2017-05-24,Inactive
C0594,Pilot,DEL,A321,2017-04-01,Active
C0595,Cabin Crew,BOM,A320,2020-11-05,Active
C0596,Cabin Crew,BOM,A321,2017-04-02,Active
C0597,Cabin Crew,MAA,A320,2017-08-31,Active
C0598,Pilot,BLR,A321,2023-03-01,Active
C0599,Pilot,BOM,A320,2019-11-13,Active
C0600,Pilot,BLR,A320,2015-05-01,Active
C0601,Pilot,HYD,A321,2019-06-26,Active
C0602,Pilot,DEL,A320,2018-09-26,Active
C0603,Pilot,MAA,A320,2017-10-04,Active
C0604,Pilot,BLR,A321,2017-07-13,Active
C0605,Pilot,BOM,A320,2016-10-06,Active
C0606,Cabin Crew,BLR,A321,2020-07-25,Active
C0607,Pilot,BOM,A320,2022-07-24,Active
C0608,Cabin Crew,BLR,A320,2022-12-17,Active
C0609,Cabin Crew,BOM,A320,2020-08-30,Active
C0610,Cabin Crew,HYD,A320,2015-08-30,Active
C0611,Pilot,BOM,A321,2021-11-07,Active
C0612,Cabin Crew,BOM,A320,2022-04-22,Active
C0613,Cabin Crew,DEL,A321,2021-06-08,Active
C0614,Pilot,BOM,A320,2019-06-08,Inactive
C0615,Cabin Crew,DEL,A320,2017-03-13,Active
C0616,Cabin Crew,MAA,A320,2017-08-21,Active
C0617,Pilot,DEL,A320,2015-03-10,Active
C0618,Pilot,HYD,A321,2018-02-26,Active
C0619,Cabin Crew,DEL,A321,2015-07-15,Active
C0620,Cabin Crew,MAA,A321,2020-12-27,Active
C0621,Pilot,HYD,A321,2021-05-19,Active
C0622,Pilot,BLR,A320,2021-06-17,Active
C0623,Cabin Crew,BLR,A321,2017-01-15,Active
C0624,Cabin Crew,DEL,A321,2019-08-16,Active
C0625,Cabin Crew,DEL,A320,2015-10-04,Active
C0626,Cabin Crew,MAA,A320,2015-03-02,Active
C0627,Cabin Crew,MAA,A320,2020-03-28,Active
C0628,Cabin Crew,BOM,A320,2020-09-30,Active
C0629,Pilot,MAA,A321,2021-01-09,Active
C0630,Pilot,BOM,A321,2019-11-08,Active
C0631,Cabin Crew,HYD,A320,2018-08-27,Active
C0632,Cabin Crew,DEL,A320,2020-01-12,Inactive
C0633,Cabin Crew,HYD,A320,2022-02-04,Active
C0634,Cabin Crew,MAA,A321,2016-07-20,Active
C0635,Pilot,HYD,A321,2019-04-21,Active
C0636,Cabin Crew,HYD,A320,2016-09-13,Active
C0637,Cabin Crew,HYD,A320,2020-07-18,Active
C0638,Pilot,MAA,A321,2018-04-15,Active
C0639,Pilot,HYD,A320,2015-11-10,Active
C0640,Cabin Crew,BOM,A320,2022-10-25,Active
C0641,Pilot,MAA,A321,2022-12-05,Active
C0642,Pilot,HYD,A320,2020-11-14,Active
C0643,Pilot,MAA,A321,2023-01-07,Active
C0644,Pilot,BLR,A320,2018-05-21,Inactive
C0645,Pilot,BOM,A320,2022-11-16,Active
C0646,Cabin Crew,HYD,A321,2015-05-17,Active
C0647,Cabin Crew,BLR,A321,2017-10-26,Active
C0648,Cabin Crew,BLR,A320,2020-11-26,Active
C0649,Cabin Crew,MAA,A321,2022-02-07,Active
C0650,Cabin Crew,BLR,A320,2016-10-23,Inactive
C0651,Pilot,BOM,A320,2021-10-08,Active
C0652,Cabin Crew,BOM,A321,2022-05-01,Active
C0653,Cabin Crew,DEL,A320,2021-04-27,Active
C0654,Cabin Crew,BOM,A320,2015-03-28,Active
C0655,Cabin Crew,BLR,A321,2021-11-17,Active
C0656,Pilot,BOM,A321,2020-10-24,Active
C0657,Pilot,MAA,A320,2021-11-23,Active
C0658,Cabin Crew,DEL,A321,2021-09-27,Inactive
C0659,Cabin Crew,BLR,A321,2022-11-12,Active
C0660,Cabin Crew,DEL,A321,2023-01-21,Active
C0661,Cabin Crew,BLR,A321,2022-08-05,Inactive
C0662,Cabin Crew,MAA,A320,2021-11-09,Active
C0663,Cabin Crew,DEL,A320,2018-08-01,Active
C0664,Pilot,HYD,A320,2019-08-28,Active
C0665,Pilot,BLR,A321,2022-05-24,Active
C0666,Pilot,HYD,A321,2022-06-12,Active
C0667,Pilot,DEL,A321,2016-05-09,Active
C0668,Pilot,HYD,A321,2019-07-06,Active
C0669,Pilot,HYD,A321,2020-04-26,Active
C0670,Pilot,DEL,A321,2017-12-04,Active
C0671,Pilot,MAA,A321,2018-11-25,Active
C0672,Cabin Crew,HYD,A320,2016-08-19,Active
C0673,Pilot,HYD,A320,2016-03-25,Active
C0674,Cabin Crew,MAA,A321,2016-04-29,Active
C0675,Cabin Crew,HYD,A321,2016-10-07,Active
C0676,Cabin Crew,HYD,A321,2022-04-21,Active
C0677,Pilot,HYD,A320,2019-06-18,Active
C0678,Cabin Crew,BOM,A320,2016-10-23,Active
C0679,Cabin Crew,MAA,A321,2017-01-27,Active
C0680,Cabin Crew,HYD,A321,2015-10-16,Active
C0681,Cabin Crew,MAA,A320,2016-12-21,Active
C0682,Pilot,BLR,A320,2016-09-29,Active
C0683,Pilot,BLR,A320,2021-04-01,Inactive
C0684,Cabin Crew,HYD,A320,2021-09-29,Active
C0685,Cabin Crew,MAA,A321,2023-03-05,Active
C0686,Cabin Crew,MAA,A320,2016-05-13,Active
C0687,Cabin Crew,MAA,A320,2016-09-25,Active
C0688,Pilot,BOM,A321,2019-08-01,Active
C0689,Cabin Crew,BLR,A320,2020-07-23,Active
C0690,Pilot,MAA,A320,2015-04-25,Active
C0691,Pilot,MAA,A320,2023-02-27,Active
C0692,Cabin Crew,BOM,A321,2016-11-04,Active
C0693,Cabin Crew,BOM,A320,2019-10-03,Active
C0694,Pilot,MAA,A321,2018-06-11,Active
C0695,Pilot,DEL,A321,2021-03-03,Active
C0696,Cabin Crew,MAA,A320,2021-04-13,Active
C0697,Pilot,MAA,A320,2022-09-06,Active
C0698,Cabin Crew,BOM,A320,2015-05-27,Active
C0699,Pilot,BOM,A320,2020-12-05,Active
C0700,Cabin Crew,MAA,A321,2016-02-16,Active
C0701,Cabin Crew,MAA,A320,2019-08-15,Active
C0702,Pilot,MAA,A320,2021-08-07,Active
C0703,Pilot,BOM,A320,2019-03-13,Active
C0704,Pilot,MAA,A321,2015-05-17,Active
C0705,Pilot,MAA,A320,2015-01-19,Active
C0706,Cabin Crew,HYD,A320,2021-02-20,Active
C0707,Pilot,DEL,A321,2021-07-05,Active
C0708,Cabin Crew,BLR,A321,2020-05-13,Active
C0709,Pilot,DEL,A320,2021-01-31,Active
C0710,Cabin Crew,HYD,A320,2017-09-28,Active
C0711,Cabin Crew,BLR,A320,2016-03-24,Active
C0712,Cabin Crew,MAA,A320,2020-05-02,Active
C0713,Cabin Crew,HYD,A320,2017-08-03,Active
C0714,Cabin Crew,MAA,A321,2018-10-09,Active
C0715,Pilot,BOM,A321,2019-03-03,Active
C0716,Cabin Crew,HYD,A320,2015-05-21,Active
C0717,Cabin Crew,BOM,A320,2022-09-06,Active
C0718,Cabin Crew,HYD,A321,2020-04-04,Active
C0719,Pilot,HYD,A320,2023-02-25,Active
C0720,Cabin Crew,BOM,A320,2015-04-03,Active
C0721,Cabin Crew,BLR,A320,2015-08-27,Active
C0722,Pilot,DEL,A320,2015-07-24,Active
C0723,Pilot,MAA,A320,2022-02-20,Active
C0724,Cabin Crew,HYD,A321,2018-12-27,Active
C0725,Cabin Crew,MAA,A320,2015-09-02,Active
C0726,Cabin Crew,BOM,A320,2017-04-11,Active
C0727,Pilot,MAA,A320,2023-02-20,Active
C0728,Cabin Crew,BOM,A321,2015-10-22,Active
C0729,Pilot,MAA,A321,2022-05-11,Active
C0730,Pilot,DEL,A321,2017-05-05,Active
C0731,Pilot,DEL,A321,2020-08-26,Active
C0732,Cabin Crew,DEL,A320,2015-03-12,Active
C0733,Cabin Crew,DEL,A321,2018-07-16,Active
C0734,Cabin Crew,DEL,A320,2018-09-10,Active
C0735,Cabin Crew,DEL,A320,2015-11-01,Inactive
C0736,Cabin Crew,BOM,A321,2017-10-27,Active
C0737,Cabin Crew,HYD,A321,2018-08-30,Active
C0738,Cabin Crew,MAA,A321,2017-03-27,Active
C0739,Cabin Crew,DEL,A321,2018-01-31,Active
C0740,Cabin Crew,BOM,A321,2017-03-31,Active
C0741,Cabin Crew,BOM,A320,2015-07-12,Active
C0742,Pilot,BOM,A321,2019-11-12,Inactive
C0743,Cabin Crew,HYD,A321,2016-06-12,Active
C0744,Cabin Crew,MAA,A321,2021-01-27,Active
C0745,Pilot,HYD,A320,2015-09-08,Active
C0746,Cabin Crew,BLR,A321,2019-11-24,Active
C0747,Cabin Crew,BOM,A320,2022-02-01,Active
C0748,Cabin Crew,BLR,A321,2020-07-19,Active
C0749,Cabin Crew,DEL,A321,2021-09-29,Active
C0750,Cabin Crew,DEL,A320,2022-10-12,Active
C0751,Pilot,HYD,A321,2018-11-04,Active
C0752,Cabin Crew,MAA,A320,2018-03-13,Active
C0753,Cabin Crew,BLR,A320,2020-09-03,Active
C0754,Pilot,MAA,A320,2022-06-08,Active
C0755,Pilot,HYD,A321,2018-01-01,Active
C0756,Cabin Crew,DEL,A321,2022-05-03,Active
C0757,Cabin Crew,MAA,A321,2020-01-22,Active
C0758,Cabin Crew,MAA,A320,2016-05-19,Active
C0759,Cabin Crew,DEL,A321,2019-06-10,Active
C0760,Cabin Crew,BLR,A320,2021-07-11,Active
C0761,Pilot,DEL,A321,2021-10-08,Active
C0762,Pilot,MAA,A320,2021-12-21,Active
C0763,Pilot,BLR,A320,2018-10-19,Active
C0764,Cabin Crew,BLR,A320,2023-03-14,Active
C0765,Pilot,DEL,A321,2022-05-01,Active
C0766,Cabin Crew,MAA,A320,2018-05-07,Active
C0767,Cabin Crew,HYD,A320,2016-12-18,Active
C0768,Cabin Crew,MAA,A320,2015-12-05,Active
C0769,Pilot,BOM,A320,2016-10-20,Active
C0770,Cabin Crew,HYD,A320,2017-08-19,Active
C0771,Pilot,BLR,A320,2016-03-04,Active
C0772,Cabin Crew,HYD,A321,2017-06-17,Active
C0773,Pilot,BLR,A321,2015-05-19,Active
C0774,Cabin Crew,BLR,A320,2023-03-09,Active
C0775,Cabin Crew,HYD,A321,2016-06-25,Active
C0776,Pilot,BLR,A321,2020-10-05,Active
C0777,Pilot,BLR,A320,2018-06-09,Active
C0778,Cabin Crew,BOM,A320,2022-05-29,Active
C0779,Cabin Crew,MAA,A320,2021-10-18,Active
C0780,Cabin Crew,MAA,A321,2016-01-19,Active
C0781,Cabin Crew,BOM,A320,2022-02-20,Active
C0782,Cabin Crew,HYD,A321,2015-07-13,Active
C0783,Pilot,DEL,A320,2022-01-25,Active
C0784,Pilot,DEL,A321,2022-01-09,Active
C0785,Pilot,DEL,A320,2022-07-26,Active
C0786,Cabin Crew,BOM,A320,2022-08-30,Active
C0787,Cabin Crew,BOM,A321,2021-02-10,Active
C0788,Cabin Crew,BLR,A321,2020-03-10,Active
C0789,Cabin Crew,DEL,A321,2021-05-28,Active
C0790,Cabin Crew,HYD,A321,2017-01-01,Active
C0791,Pilot,HYD,A321,2020-12-03,Active
C0792,Cabin Crew,DEL,A321,2022-11-12,Active
C0793,Cabin Crew,DEL,A320,2016-11-15,Active
C0794,Cabin Crew,DEL,A321,2015-03-23,Active
C0795,Pilot,BOM,A320,2022-11-21,Active
C0796,Cabin Crew,BOM,A320,2021-07-08,Inactive
C0797,Cabin Crew,BOM,A321,2022-02-17,Active
C0798,Cabin Crew,MAA,A320,2021-07-10,Active
C0799,Cabin Crew,HYD,A321,2016-06-15,Active
C0800,Cabin Crew,HYD,A321,2020-06-06,Active
C0801,Cabin Crew,BLR,A320,2015-08-09,Active
C0802,Pilot,BOM,A320,2016-09-26,Active
C0803,Cabin Crew,MAA,A321,2019-11-05,Active
C0804,Cabin Crew,MAA,A321,2021-06-28,Active
C0805,Cabin Crew,HYD,A320,2020-02-18,Inactive
C0806,Cabin Crew,BOM,A320,2015-01-03,Active
C0807,Cabin Crew,BLR,A320,2019-09-14,Active
C0808,Cabin Crew,BOM,A320,2015-07-25,Active
C0809,Cabin Crew,DEL,A321,2020-01-30,Active
C0810,Pilot,BOM,A321,2015-02-09,Active
C0811,Cabin Crew,DEL,A321,2020-10-07,Active
C0812,Cabin Crew,DEL,A321,2023-03-18,Active
C0813,Pilot,BLR,A320,2022-03-06,Active
C0814,Cabin Crew,HYD,A320,2016-10-05,Active
C0815,Cabin Crew,BOM,A321,2019-03-11,Active
C0816,Cabin Crew,DEL,A321,2020-03-22,Active
C0817,Cabin Crew,BOM,A321,2022-11-30,Active
C0818,Cabin Crew,HYD,A321,2022-04-20,Active
C0819,Pilot,HYD,A321,2020-11-13,Active
C0820,Pilot,MAA,A321,2017-06-16,Inactive
C0821,Cabin Crew,HYD,A321,2017-12-21,Active
C0822,Pilot,BLR,A321,2018-07-03,Active
C0823,Pilot,DEL,A321,2022-02-21,Active
C0824,Cabin Crew,MAA,A320,2023-01-31,Active
C0825,Cabin Crew,BLR,A321,2021-07-23,Active
C0826,Cabin Crew,BOM,A320,2016-11-01,Active
C0827,Pilot,DEL,A320,2019-02-14,Active
C0828,Pilot,HYD,A321,2021-06-22,Active
C0829,Cabin Crew,DEL,A321,2016-12-19,Active
C0830,Cabin Crew,BOM,A320,2017-12-07,Active
C0831,Pilot,MAA,A320,2020-05-09,Active
C0832,Cabin Crew,MAA,A321,2018-03-05,Active
C0833,Pilot,MAA,A320,2015-09-07,Active
C0834,Pilot,HYD,A321,2021-06-19,Active
C0835,Cabin Crew,BLR,A321,2020-03-07,Active
C0836,Cabin Crew,BLR,A321,2020-01-28,Active
C0837,Cabin Crew,DEL,A320,2022-10-25,Active
C0838,Cabin Crew,HYD,A320,2019-02-12,Active
C0839,Cabin Crew,MAA,A321,2021-12-07,Active
C0840,Cabin Crew,MAA,A320,2018-05-19,Active
C0841,Pilot,BOM,A320,2015-02-13,Inactive
C0842,Cabin Crew,BOM,A320,2022-03-03,Active
C0843,Pilot,MAA,A320,2016-08-05,Inactive
C0844,Cabin Crew,MAA,A320,2018-07-12,Active
C0845,Pilot,HYD,A320,2023-01-21,Inactive
C0846,Cabin Crew,BLR,A320,2015-08-08,Active
C0847,Pilot,BOM,A321,2020-04-09,Active
C0848,Cabin Crew,BLR,A320,2023-02-20,Active
C0849,Cabin Crew,HYD,A320,2021-09-14,Active
C0850,Cabin Crew,MAA,A320,2022-08-06,Active
C0851,Pilot,BLR,A320,2017-09-17,Active
C0852,Cabin Crew,MAA,A320,2023-01-25,Active
C0853,Pilot,MAA,A320,2019-12-18,Active
C0854,Cabin Crew,DEL,A320,2017-05-07,Active
C0855,Pilot,BLR,A320,2017-03-14,Active
C0856,Pilot,BLR,A321,2016-05-04,Active
C0857,Pilot,MAA,A320,2019-11-16,Active
C0858,Cabin Crew,HYD,A320,2019-02-02,Active
C0859,Cabin Crew,DEL,A320,2023-03-05,Active
C0860,Pilot,MAA,A320,2022-12-01,Active
C0861,Cabin Crew,BOM,A321,2019-09-02,Active
C0862,Cabin Crew,BOM,A321,2021-05-03,Inactive
C0863,Cabin Crew,DEL,A321,2015-02-23,Active
C0864,Cabin Crew,HYD,A321,2022-01-19,Active
C0865,Cabin Crew,MAA,A321,2016-09-07,Active
C0866,Cabin Crew,BLR,A321,2017-12-18,Active
C0867,Pilot,DEL,A321,2020-01-23,Active
C0868,Pilot,HYD,A321,2017-08-12,Active
C0869,Cabin Crew,BLR,A321,2021-08-30,Active
C0870,Cabin Crew,BOM,A321,2019-06-18,Active
C0871,Cabin Crew,BOM,A321,2022-08-13,Active
C0872,Pilot,BLR,A321,2022-07-26,Active
C0873,Cabin Crew,DEL,A321,2016-10-11,Active
C0874,Cabin Crew,BOM,A321,2021-06-05,Active
C0875,Pilot,MAA,A321,2016-01-30,Active
C0876,Pilot,BLR,A321,2018-09-21,Active
C0877,Cabin Crew,BLR,A320,2022-03-25,Inactive
C0878,Cabin Crew,BOM,A321,2022-01-05,Active
C0879,Pilot,DEL,A320,2021-09-09,Active
C0880,Pilot,MAA,A321,2016-01-06,Active
C0881,Pilot,DEL,A321,2017-05-07,Active
C0882,Cabin Crew,HYD,A320,2017-03-01,Active
C0883,Pilot,HYD,A321,2016-10-19,Active
C0884,Pilot,BOM,A320,2022-08-15,Active
C0885,Cabin Crew,BOM,A320,2018-10-24,Active
C0886,Pilot,BOM,A320,2016-01-19,Active
C0887,Cabin Crew,HYD,A321,2020-10-10,Inactive
C0888,Pilot,DEL,A321,2021-12-27,Active
C0889,Pilot,DEL,A321,2015-08-27,Active
C0890,Pilot,BOM,A320,2015-07-14,Active
C0891,Cabin Crew,MAA,A320,2022-06-18,Active
C0892,Cabin Crew,DEL,A321,2020-10-09,Active
C0893,Cabin Crew,HYD,A321,2018-02-26,Active
C0894,Cabin Crew,BLR,A321,2022-06-25,Active
C0895,Cabin Crew,BLR,A321,2020-07-08,Active
C0896,Pilot,BLR,A321,2015-06-05,Active
C0897,Pilot,MAA,A320,2017-07-11,Active
C0898,Cabin Crew,BOM,A320,2022-12-25,Active
C0899,Pilot,HYD,A320,2023-01-29,Active
C0900,Pilot,MAA,A321,2019-05-29,Active
C0901,Pilot,HYD,A320,2017-09-01,Active
C0902,Pilot,HYD,A320,2018-05-15,Active
C0903,Pilot,BOM,A320,2021-09-01,Active
C0904,Cabin Crew,BLR,A320,2019-12-20,Active
C0905,Cabin Crew,BOM,A320,2023-01-13,Active
C0906,Cabin Crew,MAA,A321,2017-04-17,Active
C0907,Cabin Crew,MAA,A320,2020-06-30,Active
C0908,Pilot,MAA,A321,2018-09-25,Active
C0909,Pilot,BOM,A321,2021-07-15,Active
C0910,Cabin Crew,HYD,A321,2015-07-23,Active
C0911,Cabin Crew,HYD,A321,2015-06-10,Active
C0912,Pilot,DEL,A321,2016-01-27,Active
C0913,Cabin Crew,MAA,A320,2017-02-07,Active
C0914,Cabin Crew,HYD,A320,2022-03-07,Active
C0915,Cabin Crew,DEL,A321,2022-01-25,Active
C0916,Cabin Crew,HYD,A321,2017-12-29,Active
C0917,Pilot,MAA,A321,2023-01-19,Active
C0918,Cabin Crew,BLR,A320,2016-02-09,Active
C0919,Cabin Crew,MAA,A321,2016-08-30,Active
C0920,Pilot,BOM,A320,2019-06-03,Active
C0921,Cabin Crew,HYD,A321,2019-03-21,Active
C0922,Cabin Crew,HYD,A320,2022-11-15,Active
C0923,Cabin Crew,BOM,A321,2020-01-12,Active
C0924,Cabin Crew,BOM,A320,2016-11-20,Active
C0925,Cabin Crew,BLR,A321,2023-01-28,Active
C0926,Pilot,HYD,A320,2018-05-25,Active
C0927,Pilot,HYD,A320,2020-10-04,Active
C0928,Cabin Crew,BLR,A320,2016-01-01,Active
C0929,Cabin Crew,DEL,A320,2019-09-19,Active
C0930,Pilot,BLR,A320,2016-03-30,Active
C0931,Pilot,MAA,A320,2015-04-14,Active
C0932,Cabin Crew,HYD,A320,2015-03-18,Active
C0933,Cabin Crew,BOM,A321,2015-08-18,Active
C0934,Cabin Crew,MAA,A321,2020-04-21,Active
C0935,Pilot,HYD,A321,2021-07-06,Active
C0936,Pilot,BLR,A321,2018-04-20,Active
C0937,Pilot,MAA,A321,2017-06-11,Active
C0938,Cabin Crew,HYD,A320,2019-04-23,Active
C0939,Pilot,DEL,A320,2022-06-28,Active
C0940,Cabin Crew,DEL,A320,2020-09-05,Active
C0941,Pilot,BOM,A320,2019-08-03,Active
C0942,Cabin Crew,HYD,A320,2015-10-26,Active
C0943,Cabin Crew,DEL,A321,2017-08-14,Active
C0944,Cabin Crew,BLR,A321,2022-10-17,Active
C0945,Pilot,HYD,A321,2018-01-19,Active
C0946,Pilot,BLR,A321,2021-12-02,Active
C0947,Pilot,BLR,A320,2022-03-05,Active
C0948,Cabin Crew,DEL,A320,2021-11-10,Active
C0949,Cabin Crew,HYD,A320,2019-01-14,Active
C0950,Cabin Crew,MAA,A321,2015-12-31,Active
C0951,Cabin Crew,DEL,A320,2022-12-16,Active
C0952,Cabin Crew,DEL,A321,2019-08-26,Active
C0953,Pilot,HYD,A320,2015-12-17,Active
C0954,Cabin Crew,HYD,A320,2021-04-19,Active
C0955,Cabin Crew,BLR,A321,2022-09-29,Active
C0956,Cabin Crew,HYD,A320,2020-03-19,Active
C0957,Cabin Crew,BLR,A320,2022-10-21,Active
C0958,Pilot,DEL,A321,2017-10-08,Active
C0959,Pilot,BOM,A320,2021-11-11,Active
C0960,Cabin Crew,MAA,A321,2023-02-12,Active
C0961,Pilot,DEL,A320,2016-05-13,Active
C0962,Cabin Crew,HYD,A320,2017-08-07,Active
C0963,Pilot,MAA,A320,2020-06-17,Active
C0964,Cabin Crew,BOM,A320,2020-08-08,Active
C0965,Pilot,BOM,A320,2016-05-22,Active
C0966,Cabin Crew,BLR,A320,2018-08-20,Active
C0967,Cabin Crew,MAA,A320,2021-12-23,Active
C0968,Pilot,BLR,A320,2022-10-21,Active
C0969,Cabin Crew,DEL,A321,2022-03-30,Active
C0970,Cabin Crew,MAA,A321,2015-06-15,Active
C0971,Cabin Crew,DEL,A320,2021-11-14,Active
C0972,Cabin Crew,BLR,A320,2017-07-08,Active
C0973,Cabin Crew,MAA,A321,2015-04-24,Active
C0974,Pilot,BLR,A320,2017-09-18,Active
C0975,Pilot,MAA,A320,2020-05-05,Active
C0976,Pilot,BLR,A321,2021-03-04,Active
C0977,Cabin Crew,BOM,A320,2018-06-12,Active
C0978,Pilot,BLR,A320,2016-05-29,Active
C0979,Cabin Crew,BOM,A321,2018-05-16,Active
C0980,Cabin Crew,BLR,A320,2016-12-09,Active
C0981,Pilot,MAA,A320,2020-12-25,Active
C0982,Cabin Crew,MAA,A321,2015-12-05,Active
C0983,Pilot,MAA,A320,2022-01-28,Active
C0984,Pilot,HYD,A321,2015-03-09,Active
C0985,Cabin Crew,DEL,A320,2019-05-16,Active
C0986,Cabin Crew,MAA,A320,2019-04-14,Active
C0987,Cabin Crew,BOM,A321,2016-01-18,Active
C0988,Cabin Crew,MAA,A321,2015-01-19,Active
C0989,Pilot,HYD,A320,2022-06-23,Active
C0990,Cabin Crew,BOM,A321,2020-10-22,Active
C0991,Cabin Crew,HYD,A321,2016-07-26,Active
C0992,Cabin Crew,BOM,A320,2023-03-06,Active
C0993,Pilot,BLR,A320,2018-07-23,Active
C0994,Cabin Crew,DEL,A320,2021-03-08,Active
C0995,Cabin Crew,DEL,A321,2022-12-12,Active
C0996,Pilot,HYD,A321,2020-04-27,Active
C0997,Cabin Crew,DEL,A321,2016-10-12,Active
C0998,Pilot,HYD,A321,2019-07-04,Active
C0999,Cabin Crew,HYD,A320,2017-09-20,Active
C1000,Cabin Crew,HYD,A321,2022-07-05,Active
C1001,Pilot,DEL,A320,2022-01-31,Active
C1002,Cabin Crew,HYD,A321,2018-08-31,Active
C1003,Cabin Crew,DEL,A320,2017-06-19,Active
C1004,Cabin Crew,HYD,A320,2019-08-12,Active
C1005,Cabin Crew,MAA,A320,2022-09-28,Active
C1006,Cabin Crew,HYD,A321,2019-05-05,Active
C1007,Cabin Crew,BOM,A320,2020-04-07,Active
C1008,Cabin Crew,HYD,A320,2019-11-17,Active
C1009,Pilot,BLR,A321,2018-02-10,Active
C1010,Cabin Crew,HYD,A320,2021-01-26,Inactive
C1011,Pilot,BOM,A321,2020-04-28,Active
C1012,Cabin Crew,BOM,A321,2017-11-03,Active
C1013,Cabin Crew,DEL,A320,2019-10-05,Active
C1014,Pilot,MAA,A320,2015-10-15,Active
C1015,Cabin Crew,HYD,A321,2021-02-14,Active
C1016,Cabin Crew,DEL,A320,2023-02-09,Active
C1017,Pilot,MAA,A321,2019-05-10,Active
C1018,Cabin Crew,HYD,A321,2022-07-04,Active
C1019,Cabin Crew,BLR,A321,2019-10-12,Active
C1020,Pilot,HYD,A320,2023-01-14,Active
C1021,Cabin Crew,BOM,A321,2021-11-23,Active
C1022,Pilot,BOM,A320,2018-01-03,Active
C1023,Cabin Crew,BLR,A320,2021-05-13,Active
C1024,Cabin Crew,DEL,A320,2017-07-28,Active
C1025,Cabin Crew,MAA,A320,2018-12-19,Active
C1026,Cabin Crew,HYD,A321,2016-07-24,Active
C1027,Cabin Crew,BOM,A320,2022-12-14,Active
C1028,Cabin Crew,DEL,A321,2017-09-27,Active
C1029,Pilot,BLR,A321,2018-04-20,Active
C1030,Cabin Crew,BOM,A320,2021-11-10,Active
C1031,Pilot,BLR,A321,2017-07-06,Active
C1032,Cabin Crew,HYD,A321,2020-02-18,Active
C1033,Pilot,MAA,A320,2017-04-12,Active
C1034,Pilot,BOM,A321,2022-11-26,Active
C1035,Pilot,BOM,A321,2021-02-18,Active
C1036,Cabin Crew,HYD,A321,2019-08-06,Active
C1037,Pilot,DEL,A321,2016-09-07,Active
C1038,Cabin Crew,MAA,A320,2016-02-10,Active
C1039,Pilot,BOM,A321,2019-10-16,Active
C1040,Pilot,MAA,A321,2023-03-10,Active
C1041,Cabin Crew,BOM,A321,2022-07-31,Active
C1042,Cabin Crew,MAA,A321,2015-04-03,Active
C1043,Pilot,BLR,A320,2021-10-13,Active
C1044,Cabin Crew,BOM,A321,2016-10-15,Active
C1045,Cabin Crew,MAA,A320,2016-03-09,Active
C1046,Cabin Crew,DEL,A321,2018-02-09,Active
C1047,Pilot,BLR,A320,2016-01-10,Active
C1048,Pilot,BLR,A320,2017-12-02,Active
C1049,Cabin Crew,DEL,A320,2015-07-26,Active
C1050,Pilot,MAA,A320,2017-02-18,Active
C1051,Cabin Crew,HYD,A320,2018-08-12,Active
C1052,Cabin Crew,DEL,A321,2018-02-15,Active
C1053,Cabin Crew,MAA,A321,2016-06-15,Active
C1054,Cabin Crew,DEL,A321,2021-01-22,Active
C1055,Cabin Crew,DEL,A320,2022-05-14,Active
C1056,Cabin Crew,BOM,A321,2015-03-31,Active
C1057,Cabin Crew,MAA,A320,2018-01-22,Active
C1058,Cabin Crew,HYD,A320,2015-01-13,Active
C1059,Cabin Crew,BOM,A321,2020-02-01,Active
C1060,Cabin Crew,DEL,A321,2017-03-15,Active
C1061,Cabin Crew,DEL,A320,2017-08-02,Active
C1062,Cabin Crew,DEL,A320,2022-08-21,Active
C1063,Cabin Crew,MAA,A321,2020-02-01,Active
C1064,Cabin Crew,MAA,A321,2019-05-30,Active
C1065,Cabin Crew,BOM,A321,2023-01-02,Inactive
C1066,Cabin Crew,HYD,A321,2020-05-13,Active
C1067,Pilot,BOM,A320,2022-05-31,Active
C1068,Pilot,BLR,A321,2017-11-18,Active
C1069,Cabin Crew,DEL,A321,2015-10-23,Active
C1070,Pilot,DEL,A321,2017-07-14,Active
C1071,Pilot,DEL,A320,2016-10-01,Active
C1072,Pilot,BOM,A320,2021-07-15,Active
C1073,Pilot,BOM,A320,2016-09-19,Inactive
C1074,Pilot,DEL,A320,2021-10-22,Active
C1075,Cabin Crew,BOM,A321,2018-03-13,Active
C1076,Cabin Crew,MAA,A320,2017-07-30,Active
C1077,Cabin Crew,MAA,A321,2017-04-09,Active
C1078,Cabin Crew,BOM,A321,2019-11-06,Active
C1079,Pilot,DEL,A321,2022-01-10,Active
C1080,Cabin Crew,BOM,A321,2017-09-02,Active
C1081,Cabin Crew,BOM,A320,2017-08-12,Active
C1082,Pilot,BOM,A320,2018-06-16,Active
C1083,Cabin Crew,BLR,A320,2017-08-09,Active
C1084,Cabin Crew,MAA,A321,2017-08-01,Active
C1085,Cabin Crew,HYD,A321,2021-01-11,Inactive
C1086,Cabin Crew,HYD,A321,2018-04-19,Active
C1087,Cabin Crew,BLR,A321,2020-11-05,Active
C1088,Pilot,BOM,A321,2019-03-15,Active
C1089,Cabin Crew,BLR,A320,2018-01-01,Active
C1090,Pilot,BLR,A321,2023-02-26,Active
C1091,Cabin Crew,DEL,A320,2015-06-28,Active
C1092,Cabin Crew,MAA,A321,2021-03-09,Active
C1093,Cabin Crew,HYD,A321,2020-01-03,Active
C1094,Cabin Crew,BOM,A320,2018-06-11,Active
C1095,Pilot,HYD,A320,2016-04-09,Active
C1096,Pilot,HYD,A321,2019-11-10,Active
C1097,Pilot,MAA,A321,2022-05-02,Active
C1098,Pilot,HYD,A321,2022-11-12,Active
C1099,Cabin Crew,HYD,A321,2018-05-15,Active
C1100,Cabin Crew,BLR,A320,2022-04-08,Active
C1101,Pilot,MAA,A321,2017-06-03,Active
C1102,Cabin Crew,DEL,A320,2021-08-10,Active
C1103,Cabin Crew,BOM,A321,2021-05-12,Active
C1104,Cabin Crew,HYD,A320,2021-08-24,Active
C1105,Cabin Crew,BOM,A320,2018-08-25,Active
C1106,Pilot,DEL,A321,2019-07-13,Inactive
C1107,Cabin Crew,BOM,A320,2017-08-02,Active
C1108,Cabin Crew,DEL,A321,2022-10-28,Inactive
C1109,Cabin Crew,BLR,A320,2017-07-13,Active
C1110,Pilot,HYD,A321,2020-04-22,Active
C1111,Cabin Crew,DEL,A320,2016-05-08,Active
C1112,Pilot,BOM,A321,2019-03-27,Active
C1113,Pilot,HYD,A321,2020-05-23,Active
C1114,Cabin Crew,BLR,A320,2017-12-30,Active
C1115,Cabin Crew,HYD,A320,2021-08-08,Active
C1116,Cabin Crew,DEL,A320,2022-03-02,Active
C1117,Pilot,BLR,A320,2019-12-31,Active
C1118,Cabin Crew,BOM,A321,2017-02-01,Active
C1119,Pilot,BLR,A320,2021-05-12,Active
C1120,Pilot,BLR,A321,2015-02-19,Active
C1121,Cabin Crew,MAA,A320,2022-08-07,Active
C1122,Cabin Crew,BLR,A321,2017-06-24,Active
C1123,Cabin Crew,BLR,A321,2023-02-23,Active
C1124,Cabin Crew,HYD,A321,2016-07-17,Active
C1125,Cabin Crew,BOM,A321,2017-02-21,Active
C1126,Cabin Crew,HYD,A320,2021-12-07,Active
C1127,Pilot,HYD,A320,2020-08-02,Active
C1128,Cabin Crew,DEL,A321,2020-01-06,Active
C1129,Cabin Crew,HYD,A320,2016-08-06,Active
C1130,Pilot,MAA,A320,2018-08-12,Active
C1131,Cabin Crew,MAA,A321,2015-08-24,Active
C1132,Cabin Crew,DEL,A320,2020-10-04,Active
C1133,Pilot,BOM,A320,2020-04-26,Active
C1134,Pilot,BOM,A320,2015-12-26,Active
C1135,Cabin Crew,HYD,A321,2020-04-14,Active
C1136,Pilot,HYD,A320,2015-04-20,Active
C1137,Cabin Crew,HYD,A321,2015-07-11,Active
C1138,Cabin Crew,BOM,A320,2017-06-22,Active
C1139,Cabin Crew,BLR,A320,2018-01-21,Active
C1140,Cabin Crew,MAA,A320,2017-05-11,Active
C1141,Cabin Crew,BLR,A321,2022-02-28,Active
C1142,Pilot,BLR,A321,2017-12-19,Active
C1143,Cabin Crew,BOM,A320,2016-10-11,Active
C1144,Cabin Crew,BLR,A321,2015-02-08,Active
C1145,Pilot,DEL,A320,2016-09-28,Active
C1146,Cabin Crew,HYD,A321,2017-11-02,Active
C1147,Cabin Crew,DEL,A321,2015-02-05,Active
C1148,Cabin Crew,MAA,A320,2020-11-18,Active
C1149,Cabin Crew,HYD,A320,2018-09-23,Active
C1150,Cabin Crew,BLR,A320,2020-06-06,Active
C1151,Cabin Crew,MAA,A320,2015-06-15,Active
C1152,Cabin Crew,HYD,A321,2021-08-27,Active
C1153,Cabin Crew,BLR,A321,2020-02-23,Active
C1154,Cabin Crew,DEL,A321,2022-10-08,Active
C1155,Cabin Crew,HYD,A320,2015-01-31,Active
C1156,Cabin Crew,BLR,A320,2015-01-11,Active
C1157,Pilot,DEL,A321,2020-07-04,Active
C1158,Cabin Crew,MAA,A320,2020-11-13,Active
C1159,Cabin Crew,MAA,A321,2021-11-05,Active
C1160,Pilot,MAA,A321,2021-02-17,Active
C1161,Cabin Crew,MAA,A321,2016-04-30,Active
C1162,Pilot,BOM,A321,2018-07-13,Active
C1163,Pilot,HYD,A321,2018-12-18,Active
C1164,Cabin Crew,HYD,A320,2021-04-04,Active
C1165,Pilot,BOM,A320,2020-04-27,Active
C1166,Cabin Crew,BLR,A320,2020-05-17,Active
C1167,Cabin Crew,BLR,A321,2020-01-26,Active
C1168,Cabin Crew,MAA,A321,2019-01-09,Active
C1169,Pilot,DEL,A321,2018-09-28,Active
C1170,Pilot,BLR,A321,2022-08-14,Active
C1171,Cabin Crew,DEL,A320,2017-09-17,Active
C1172,Cabin Crew,HYD,A320,2017-04-04,Active
C1173,Cabin Crew,DEL,A321,2019-01-02,Active
C1174,Pilot,HYD,A321,2020-11-23,Active
C1175,Cabin Crew,BOM,A321,2021-02-06,Active
C1176,Cabin Crew,BOM,A320,2021-02-09,Active
C1177,Cabin Crew,MAA,A320,2015-08-14,Active
C1178,Pilot,BLR,A320,2017-02-15,Active
C1179,Cabin Crew,MAA,A321,2022-10-08,Active
C1180,Cabin Crew,HYD,A321,2018-01-17,Active
C1181,Cabin Crew,MAA,A320,2016-11-18,Active
C1182,Pilot,DEL,A321,2016-06-13,Active
C1183,Cabin Crew,HYD,A320,2017-08-29,Active
C1184,Cabin Crew,BOM,A321,2017-07-24,Active
C1185,Pilot,BLR,A320,2018-11-23,Active
C1186,Cabin Crew,HYD,A321,2020-11-23,Active
C1187,Cabin Crew,HYD,A320,2018-07-18,Active
C1188,Pilot,DEL,A320,2020-06-21,Active
C1189,Pilot,BLR,A320,2022-11-18,Active
C1190,Cabin Crew,BOM,A320,2019-03-07,Active
C1191,Pilot,HYD,A320,2016-11-09,Active
C1192,Cabin Crew,HYD,A320,2022-12-06,Active
C1193,Pilot,DEL,A321,2021-09-06,Inactive
C1194,Cabin Crew,MAA,A321,2015-02-09,Active
C1195,Pilot,BOM,A321,2022-05-31,Active
C1196,Cabin Crew,BLR,A320,2018-01-10,Active
C1197,Cabin Crew,HYD,A320,2017-04-24,Active
C1198,Cabin Crew,HYD,A321,2019-10-10,Inactive
C1199,Cabin Crew,BOM,A320,2021-02-26,Inactive
C1200,Pilot,MAA,A320,2016-03-22,Active
